,actual,prediction_day1,prediction_day2,prediction_day3,prediction_day4,prediction_day5,prediction_day6,prediction_day7
2022-01-01,21.5,20.093485653108964,21.24238564520606,19.753747563496095,18.644333525071186,21.854456486879837,23.06898027336537,23.425587595198998
2022-01-02,24.5,25.25887061934451,21.847918595912393,23.776575297496628,25.081267792942537,24.96565517434314,24.862034033388486,24.953719751430615
2022-01-03,16.399999618530273,16.48058356994844,16.634648270443908,14.36021021394209,16.32855739723432,16.219178051915687,13.482172808918918,19.59179773077853
2022-01-04,14.40000057220459,14.208145127308644,14.767603862544304,12.574831706493388,14.725179960903375,13.143542016796914,14.587315950630652,12.853667633774478
2022-01-05,14.199999809265137,13.342971455538343,13.234810459105478,13.462582410946453,16.129589869309406,11.803491869429713,13.153481501070445,9.372945166687195
2022-01-06,15.0,15.006452472356687,14.183002668143633,14.022798339080726,18.29874398947575,14.577255128278873,14.671256098807968,17.28189199252716
2022-01-07,17.80000114440918,16.19515435242097,17.237541713151987,18.663602013171687,19.59513248214337,17.19903363892419,17.49446962746294,19.264736937391014
2022-01-08,17.80000114440918,17.852782032232874,17.404056966860647,19.67328037002287,19.735968343181035,17.78358794991866,17.89213305056789,16.98111216730907
2022-01-09,16.399999618530273,15.64080546727721,18.821081671485693,16.94426074585268,14.18729582300909,18.292822575092863,18.235746597747593,16.03680761570633
2022-01-10,19.80000114440918,19.62186419224096,20.977171188221007,18.145034820637147,19.582164479441747,19.866701982902633,18.493602725435764,16.738154416548237
2022-01-11,26.200000762939453,25.997549470233984,25.43255857655782,27.01152521068483,27.17900197137392,24.741727645443405,25.27722815330933,27.641251141787386
2022-01-12,24.600000381469727,24.00454861311314,24.66893117757591,28.27037915227099,23.078574448940827,22.721235710701716,28.766734879109766,23.729816725259326
2022-01-13,21.700000762939453,22.763707751891776,21.442744282818655,20.866244798036437,21.357678505634972,22.961490127361184,22.534394355440902,23.18666440098073
2022-01-14,17.600000381469727,18.65272257696942,16.309614959244183,17.18933702671938,17.744830940512948,17.219118097994485,17.559776737830706,16.765767839809612
2022-01-15,17.0,17.281133888568508,16.601479577306275,13.797152918921071,16.539470909971875,14.278692942245172,18.53277314473137,18.345237042722335
2022-01-16,19.100000381469727,18.756490954960515,19.115180272863455,20.569040796654726,15.322582414285797,21.026716420713676,17.945844728131604,13.828583906944196
2022-01-17,17.200000762939453,16.533470977403322,18.515223370779147,14.02807056035047,16.721767976952286,18.95797644495673,13.597340475836484,18.889110612561026
2022-01-18,15.300000190734863,15.631754575620521,15.767318154248173,17.278266782034486,15.384302820546942,13.402703545517495,13.797533425675647,16.226868735100783
2022-01-19,15.300000190734863,15.085417495542098,15.000844102558027,15.422298795905892,14.329310531268117,15.53201973728645,17.106841183711584,14.231645496567378
2022-01-20,17.200000762939453,17.73472700910771,18.987880093096095,18.862816105331586,15.538589419230405,19.570488712544417,19.522169953255293,19.251249905698714
2022-01-21,21.80000114440918,23.472004597102146,19.231971672128655,22.53441806890155,19.162350699985858,21.613701239624845,23.053334857669068,22.159555817463737
2022-01-22,24.0,23.93994289893038,26.481276635268177,24.323491112165847,24.479808947430698,22.348869270680503,18.613986196595597,23.385416295763576
2022-01-23,23.0,23.043825013505565,21.21836412256732,21.041526093813467,24.381612679036035,23.332955239840356,23.175898831663066,21.25528742501935
2022-01-24,21.399999618530273,21.537402683882785,20.668281743622078,20.48130170783816,21.558843518040007,20.174689687023893,22.356261895047194,25.333717105772777
2022-01-25,24.200000762939453,24.948055232159753,25.287191623209452,23.451363199208455,21.656620575061794,22.788213443790468,25.117736923717786,26.645712910832653
2022-01-26,24.100000381469727,25.964668688816936,22.939140300659737,24.27205384183021,23.792434304914597,23.248548502393273,25.82730740563318,24.36303919542462
2022-01-27,20.5,20.834203328363934,20.993428172592104,21.377457394655412,17.67128939885817,18.66676172041302,20.956899377172103,19.07887377909437
2022-01-28,22.700000762939453,23.761321039000006,22.527642792774895,22.579326965754472,23.247546221612026,20.126071017322147,21.344740284586692,24.255650725981727
2022-01-29,18.600000381469727,18.257632088897093,18.565112800947404,14.81287001223811,18.319655593260602,17.029973458316785,17.504927412039137,16.644516880402357
2022-01-30,19.80000114440918,18.98087885106028,20.295677830797207,20.49942496654925,19.061363712978345,20.394183735614213,20.006808980868197,19.526256876008325
2022-01-31,18.899999618530273,19.53207681542975,19.21373611848542,20.51168281076495,19.75291330274671,19.367415862870587,17.906643689042795,15.799484302437232
2022-02-01,20.700000762939453,20.032794576207365,20.70164712901675,20.25131724891144,19.0682665474717,17.25439447805742,19.666869620096158,18.892800284800227
2022-02-02,12.5,13.278251902253363,13.6711485699361,14.106256745625792,13.000263517789472,11.530405213076698,12.479619540058147,10.999525101228429
2022-02-03,12.5,12.008122752805903,12.910336004780872,12.88723826344621,13.164963355723573,14.262217489115168,16.684132842667836,14.81413199550256
2022-02-04,12.800000190734863,12.26890756366076,14.539908965966886,12.857603464228186,12.956840072874165,10.94365255570338,9.066275225337778,13.976266706679205
2022-02-05,15.0,14.835200259989206,14.813220736787443,16.679790609482563,13.6293217731509,13.954987912369655,14.399662716743347,13.514941850219008
2022-02-06,19.399999618530273,19.43509612958216,19.466089571787162,19.967034741332952,17.714494294649263,17.89899837881883,21.323886933812727,22.731811778883596
2022-02-07,21.0,22.55139924587901,21.775727346624794,20.448409660696214,20.653430736395308,22.765453638681127,20.4918526751275,23.07968157023272
2022-02-08,20.5,20.38911657395486,21.560534061094522,17.92864970547074,21.147231407525503,18.97133245275972,21.24876121482489,18.08872533399684
2022-02-09,19.600000381469727,20.343934280104992,19.880793100392516,20.37677880912359,21.92054323991573,20.507511553011042,20.168371514129934,18.50594018653063
2022-02-10,15.90000057220459,15.793820364419702,16.570183190102597,19.677670350958408,15.79184660931621,12.993716878014043,15.685622873355236,15.034825238709956
2022-02-11,14.600000381469727,15.440400283838237,13.953982279053886,15.468831026940434,15.490331453235235,13.763655181593837,12.56078721783343,15.644743717551382
2022-02-12,14.100000381469727,14.213373050976093,15.694248916827302,13.245415467636963,16.258458492892213,16.42596272857686,15.15443122730004,14.556523126396623
2022-02-13,15.100000381469727,13.631625213013061,16.135051052816195,16.528995155990298,16.353787157692484,17.264869265094017,11.978165811164917,13.144834422119759
2022-02-14,20.700000762939453,20.51433291661074,18.81509018172322,19.147051307104935,22.57797970693287,21.809043968329267,24.157968391370584,18.81259466769102
2022-02-15,20.700000762939453,20.86666638584843,22.17319700812173,20.183295847520494,22.52545758926383,19.8340134699108,22.643249234939166,22.00780854856679
2022-02-16,20.30000114440918,21.919423298926752,22.05086657651212,22.413921448045073,19.996970965662477,17.644456239600565,22.048641626650323,26.34012253886298
2022-02-17,16.899999618530273,15.61963463828983,16.01765208914746,17.928386232438456,17.70451612483609,17.309927270261884,19.760046542906565,17.74538478029116
2022-02-18,13.600000381469727,13.749707400630625,14.618401733430156,11.439625110246295,15.226260336614693,17.11500710747624,12.509833572635404,11.030694734386698
2022-02-19,13.199999809265137,12.657044513089634,14.051121597817325,12.605578570533368,12.869011603992766,11.599937816255384,13.380974104018609,11.995688910555593
2022-02-20,12.800000190734863,12.961270359420212,12.714621053234769,14.893142139967356,13.269357018820235,14.772265994420591,16.52557694135329,13.662668874235024
2022-02-21,13.5,14.302675999090129,13.717613641677705,13.302418532030845,11.86256955120459,12.969703067044358,16.337077685594476,14.131018052723642
2022-02-22,12.5,10.767264259902866,12.311397904469446,12.454558736318294,12.065804391136123,12.827718441122308,14.386777561303461,13.862065248046969
2022-02-23,15.90000057220459,16.42523633510747,15.301359299247522,14.629362111684127,13.410210778488802,16.287976735052247,16.112768311316493,15.85391838101939
2022-02-24,20.899999618530273,21.22891343456987,22.25459372697925,19.92468537997912,20.221177179798794,20.75337305796273,22.344519425744842,19.043559867619976
2022-02-25,20.0,20.503709562972222,19.947544153369105,19.464823443854506,23.097148392288332,19.751357743205773,20.4529087913136,18.934998820781882
2022-02-26,17.600000381469727,18.083040918697115,17.935459697140722,16.633246126346492,21.764626597049535,18.91809259419064,14.068638316354773,17.845664092987104
2022-02-27,19.0,18.033259401902356,19.342255918288934,19.721120625916743,20.469416230350877,22.813793669827223,15.921345541178583,17.959973645658625
2022-02-28,19.600000381469727,17.643204537503813,19.868006758214698,19.40629164439261,20.024952580213938,17.756670725492693,20.953318448045234,20.928607765069984
2022-03-01,18.600000381469727,17.784961303510986,20.911428342614993,17.66814838294909,17.59647149103962,18.339617135691878,17.326248681815077,18.696919099155473
2022-03-02,17.899999618530273,17.089251331868116,15.199063070590704,16.04259977105224,17.201580589805065,16.763775893000687,20.56979069277003,14.731001326219058
2022-03-03,18.899999618530273,18.66269418131916,18.879116046765287,19.551222980572334,18.619189690457752,21.589031130923125,18.58890251218537,19.108845934954957
2022-03-04,21.399999618530273,22.82713946188751,21.58885595167928,19.474936141331924,22.13158350655993,18.521027749622966,23.093516976102986,22.09783607579769
2022-03-05,16.600000381469727,16.998490718813276,18.394473347613346,16.606603284267848,18.212387568381107,14.794726540421685,19.072452592057637,17.910663322807977
2022-03-06,16.30000114440918,17.16920108829455,17.080781030351663,17.65840809664796,15.694476128124679,17.563568809790155,17.80440119722762,16.49988474702367
2022-03-07,15.5,15.899341999470554,15.616382628081421,14.731605557574078,15.398008493342143,19.801439232069832,18.091915084880636,19.413883032953365
2022-03-08,14.699999809265137,15.87668970541949,15.237763212886701,13.209873708683208,16.042063207970042,13.463737018002607,15.029114910271623,15.856207375585738
2022-03-09,12.699999809265137,12.605769427492119,14.612539539196048,13.279571227562725,13.254836317692067,9.513129649601732,12.388104053082222,12.284365609755163
2022-03-10,12.100000381469727,14.178728982102102,9.934433048740221,11.625776920012488,12.569825032484012,11.743277887656278,13.928612995655545,13.501955282512661
2022-03-11,13.100000381469727,12.951129066271026,14.070783360424647,9.788618288010301,11.286059567666571,12.595162130771913,15.956065745746564,16.259003444019246
2022-03-12,11.40000057220459,12.511933534842127,9.750779012736668,11.085898327396238,11.140340758843212,9.620978621517501,6.661961844751721,10.482080751979346
2022-03-13,12.90000057220459,12.944695812175034,13.171549622694476,11.396236116165303,15.573865289942043,13.936270392091302,13.746120742232259,11.321953771852876
2022-03-14,17.30000114440918,16.697975468934086,17.70753513810938,20.27889792012354,16.677863990847875,21.85009679855176,16.697324442716223,14.805480042525774
2022-03-15,19.200000762939453,18.46255017088491,19.170827772648334,16.05469822249877,20.439422438323064,19.001661817658633,18.538712632674315,17.52732194756752
2022-03-16,18.700000762939453,18.148516469101185,17.00436844811259,20.821469466640597,17.840450577643985,18.81737993567676,19.813674893328013,19.910287144424316
2022-03-17,19.600000381469727,18.364560386959496,18.798712265684138,21.09919115456092,18.817294714862822,19.138335623231654,18.150731716292988,17.187897000148304
2022-03-18,18.899999618530273,19.31370285079247,17.165283510673913,17.685210121651114,17.205151288783476,18.79993039616742,22.032948887953037,17.667507305190625
2022-03-19,16.700000762939453,16.285212121011938,16.705675127631373,17.734381083121164,15.416267222132255,14.880698007406128,18.878339258591584,18.180680393502293
2022-03-20,17.899999618530273,18.026575634213945,17.539913357393015,20.543179827564796,14.470999211467547,20.007000336843394,18.603632807236004,14.643249337515226
2022-03-21,18.0,18.526584114774586,19.05812814731589,17.58001765573426,18.11081439204366,20.612356980667617,14.349922397185018,17.1192890128342
2022-03-22,17.399999618530273,18.855050559186587,16.553640992508896,18.204947845731354,17.980637894627407,19.70092617654859,15.959023303369149,17.23018875829895
2022-03-23,12.600000381469727,11.139819640458896,11.47459056110119,12.707505032229411,13.187195460626414,14.634516264119203,11.152293679656873,10.698825466427891
2022-03-24,12.199999809265137,12.587827460735948,9.807454770540932,14.0429390108608,12.670367750404829,10.641212023248428,9.739828620037263,16.344340302120177
2022-03-25,10.199999809265137,8.951910271267899,9.155376833051001,8.93958109518657,12.259431486398373,8.591135006483883,12.273906029893828,4.6068379085998385
2022-03-26,11.600000381469727,12.600046218123852,12.829410244987033,13.389099167874635,12.371866649295905,9.277596183517797,13.693225422010299,10.707592643477303
2022-03-27,13.300000190734863,12.753147382835557,11.523267285251228,15.291727410648736,15.621837960292,12.18951199583751,14.011812357623224,12.514514952332751
2022-03-28,17.80000114440918,18.261228877826802,17.898858330539003,16.684747006979133,15.720410042959392,15.481538796068545,17.13478039108364,12.725256757907768
2022-03-29,14.300000190734863,12.934950173644324,15.09024348582585,12.51650005520144,15.014814351625922,13.314227503766837,14.04392643581303,12.079538943336868
2022-03-30,12.100000381469727,11.165210151452943,13.931498597666907,10.143340798368424,7.115690019575679,16.247435636212693,12.989505602525144,12.621289260463817
2022-03-31,10.5,10.967355123790258,11.886441117466088,8.833878008457402,8.403332677715957,11.338223498936475,12.361880497924481,10.905827280484734
2022-04-01,11.600000381469727,11.86651718465265,12.816679526591283,10.059428880609637,9.633510765385791,10.448518460139121,13.39451054471866,13.628517052202605
2022-04-02,4.099999904632568,4.687731176734179,3.887404926320951,5.382643773053237,5.635695403646854,3.6692669969532115,4.3834640599499695,6.274096589620305
2022-04-03,12.800000190734863,13.367000027429002,12.226090780845265,10.461441924330853,11.889425926532818,13.828427254281017,12.956917011077016,11.073748658022037
2022-04-04,9.90000057220459,11.506519633843583,9.762244829172806,9.237007251716356,10.286581293453578,11.089472407346168,11.163069229909947,13.077864073159187
2022-04-05,9.600000381469727,9.956753915061935,10.198789875169906,10.388728805132764,10.080778037213921,6.123728276012004,8.085024755120475,11.25490593514997
2022-04-06,15.90000057220459,16.41211031004884,16.451585334303058,15.585016098185521,15.256242697018509,19.677099254015637,14.517806383179007,10.623174489901565
2022-04-07,12.800000190734863,10.539475395818613,13.773395434451757,12.044466702556901,12.78438920751044,14.744893958778293,12.789955673283872,7.7815180016876555
2022-04-08,15.100000381469727,16.305463242149596,14.057520871435212,12.476781858575164,15.58479969682196,15.414020327436928,15.52084528428785,16.419513744812193
2022-04-09,12.600000381469727,11.33471295662627,11.153371252856104,9.918030937033256,11.361511288398116,10.473085591156803,12.638369378032204,12.009544208786025
2022-04-10,13.0,13.522473652300684,13.798665381191492,13.46638828111103,12.731849255132234,13.965721617059419,10.291661203246882,12.542819095107578
2022-04-11,15.300000190734863,15.568932743835152,16.904629753819773,14.948525420319733,15.465730522502865,16.701874430843795,13.918378774937224,14.478632852816752
2022-04-12,12.90000057220459,14.770198937251589,12.67652258253349,13.62227954441327,16.722255877591437,11.802674118615121,13.396841838143033,13.630937647162524
2022-04-13,9.90000057220459,8.29963296395469,10.43060382947902,9.248154941184561,8.175417533193176,8.760884915323512,11.180317820837365,10.034992882128495
2022-04-14,7.400000095367432,6.954345599229567,9.422339232928758,7.272668325885592,7.817812086761081,7.8954160154546615,10.5200281594421,5.34459185759637
2022-04-15,14.199999809265137,14.516408642592477,12.585369656879948,12.871275725999043,15.58794610972309,12.749186326863832,13.703156847041829,10.810555494650586
2022-04-16,12.90000057220459,12.303181300378498,11.927540135888492,13.744315763737156,11.775549422351489,13.276663092303142,11.927308133741287,14.126028937101257
2022-04-17,16.899999618530273,17.680202554383097,16.689628059735647,18.03199719766248,15.502572778418775,18.08618969649109,13.976693180848972,16.45214507690158
2022-04-18,16.899999618530273,18.547594199678294,17.40161916922118,15.772626550753087,12.696844794076059,14.871809678317994,17.363962568267237,17.77704336784417
2022-04-19,12.600000381469727,12.518757248003102,14.253867786741624,12.321934255580153,14.410966961516385,12.030584219783856,12.464031812101629,13.522829675802052
2022-04-20,8.600000381469727,10.117233472479539,6.854227625377341,6.788162642971623,5.720179605620275,10.335629033918242,8.975026653839874,10.238930486520395
2022-04-21,11.699999809265137,9.999139631176318,12.888734027674248,12.375865304564636,11.13729820835436,10.292305258519612,12.564414117989699,9.563732471880648
2022-04-22,12.699999809265137,11.773056327838455,14.05756124208998,12.679435092404397,10.205031913004692,11.57660045214611,12.133297647983753,13.150174918474061
2022-04-23,9.800000190734863,10.901262601096038,9.705277754159631,7.873705687072943,10.006532464408712,10.820251546196873,7.209304592711002,4.286470130858497
2022-04-24,13.100000381469727,14.648724289621248,11.218763193481927,11.381672017609208,14.948448213916233,17.114681519110086,17.338774866326823,13.209523776641097
2022-04-25,13.699999809265137,15.663959244827593,12.937746090491169,14.074742791089347,15.935132040996251,11.66404679821661,13.304657022850476,12.953422795371276
2022-04-26,15.0,13.556639849092592,16.64675018896663,14.369555278833888,18.057356725591024,17.466053943621944,14.943751409600617,16.01195693994861
2022-04-27,15.800000190734863,16.432700903105268,16.641939333993584,14.912450052020795,14.139834901374115,17.638300233361146,13.628399665121782,17.72498128384827
2022-04-28,15.699999809265137,15.867468417063892,15.490906975309644,15.741976464150646,12.880507042295983,17.924910878919892,16.295577446822705,11.47918993846546
2022-04-29,16.200000762939453,15.288820969850391,14.16361495057637,12.90577841779486,17.876269288744076,16.62960496977658,15.681142158474378,16.797864317850966
2022-04-30,10.699999809265137,10.709075436002706,11.911951913026185,10.995156641008158,11.301955140050085,11.334939562573478,11.065929360960213,12.433400862576887
2022-05-01,8.699999809265137,8.809818113034321,8.318324789024887,7.91335485472496,7.624047071303073,8.491455668356759,7.933898019067218,7.6651422692355435
2022-05-02,8.800000190734863,8.973254423600627,9.674044584664603,8.756038992751053,7.378631662286995,10.176163049428872,8.905590817586205,7.848181408333973
2022-05-03,9.40000057220459,10.940735618274866,10.779326992166359,9.658932602388905,9.038880375082122,10.551143653022624,11.7053191041325,8.297324883861123
2022-05-04,10.90000057220459,11.492570648848695,10.500432659328197,11.74915157075575,11.298029546895657,12.71824544824996,10.006013050232042,9.389086418493056
2022-05-05,5.200000286102295,3.8492242386112725,5.097624084242943,5.348716098224845,4.53933620575086,4.093211960901158,7.877372419778482,5.906660548622312
2022-05-06,4.400000095367432,3.974544860900849,2.465868214794039,3.96993702860952,6.383784659016905,3.7565084461501037,3.7520576339662846,2.3635206916664937
2022-05-07,5.099999904632568,4.625820604122093,5.5649355865238785,4.71205333509598,8.261961032918329,4.234104790685644,7.836424832252481,6.586259068863946
2022-05-08,7.900000095367432,8.621835819002436,6.442139862269199,8.255729934671063,9.481625673816186,7.935269888623527,8.685786218530103,4.963750793962706
2022-05-09,4.200000286102295,4.917451666137331,3.314816608365188,4.777386709691914,5.698306235170816,2.476735728091212,4.619484428662311,6.420392070778812
2022-05-10,3.6000001430511475,4.682541723490887,1.8009161519655057,5.529277167268617,6.283086848629431,0.4346814954397269,4.358647600425805,2.519529123319039
2022-05-11,8.600000381469727,11.151540769783601,8.567015330282885,9.00577433290639,9.817555890070333,7.628383536750278,13.1299676547379,11.56205361182592
2022-05-12,12.600000381469727,12.308553476745569,10.98715722385185,12.495769562990224,12.106425622476358,13.985064806965942,9.695465728563885,11.586707351374905
2022-05-13,14.5,14.12715761199876,15.947201407365204,15.549023075047577,13.593519251081808,14.444884363524059,16.55756507727034,15.93755461906089
2022-05-14,14.5,15.157408670722793,13.8205909191861,14.491082863637278,16.513296000327223,14.28416262184247,12.784292391476079,14.171672531878968
2022-05-15,10.5,10.321750516453582,8.293026733063433,9.552755872453844,8.821506011826937,11.102060034135533,6.602691115543777,13.45786440480113
2022-05-16,10.600000381469727,10.583842493003806,10.314137615037525,11.790349584405876,9.10574968382757,11.777870128890903,12.075401847148445,15.728794582513164
2022-05-17,6.5,6.169293342996126,6.38828904568823,8.642491647257598,5.580764610962358,6.7903141756426955,7.050655751541646,8.164803644738823
2022-05-18,7.099999904632568,6.832121876882022,5.547174014657646,7.785773267653119,8.41266877171333,11.351414002169419,8.811259552062964,9.124980547589802
2022-05-19,3.700000047683716,1.9864264209485278,2.914310975743605,3.6664510811164988,3.236873619959447,2.695415232087825,1.110637103302499,3.876394622976575
2022-05-20,4.200000286102295,4.108019737524616,2.680888674225869,5.94541571003667,5.931228577982265,4.163213131614071,2.8725842153842036,3.8556562677079436
2022-05-21,5.599999904632568,3.7781572248034228,5.09416434005637,4.727147438125483,7.04767719242387,6.951597362086007,5.9876946525325225,4.359971610563748
2022-05-22,8.300000190734863,9.388994277516083,6.531064319026384,7.0890237016550195,6.524656343616117,8.032731006381685,6.490702468612415,8.032783536978892
2022-05-23,7.599999904632568,8.64612190374045,7.006569998987674,8.17687481688424,8.448825654719757,8.392585081669157,6.9943337730034525,7.14149464739659
2022-05-24,6.200000286102295,9.227183464457216,6.0859103510405355,6.875668124978455,5.173909679033446,5.8907642663523045,4.673150394999125,5.691480594346969
2022-05-25,11.5,11.693187214338273,12.37696126103699,11.83297389999514,13.148143467780397,11.248381634112718,11.568520535169457,8.862962439921258
2022-05-26,9.0,8.550249522549915,8.356936145570282,11.398590779448062,9.211254554750207,9.030898797499777,8.862589290954475,5.729099868756785
2022-05-27,8.5,8.851058166524705,7.119480743364679,10.968089804339824,7.731037935283307,11.068940685208574,8.529944934229915,10.959030339510958
2022-05-28,7.900000095367432,7.5772875005561495,8.915602326395495,6.00308006212857,6.987453951868274,8.594116417399347,8.574729400106438,4.545809710952879
2022-05-29,6.5,7.845903404654387,5.957304834861637,9.20428034783314,4.838587910802946,5.866347877475019,2.154210786947761,4.77492177330329
2022-05-30,9.199999809265137,9.279611845412832,8.640255882112257,8.934956248236283,8.421642714885591,7.0506313977109,7.961953492731053,7.323692946108261
2022-05-31,9.100000381469727,9.740507212516341,9.854214348432034,7.9292510569152626,7.060585457993221,9.385957593864592,10.392243267175802,11.104050729142545
2022-06-01,4.300000190734863,3.80001057035488,1.9104365656090212,3.475068422703653,2.372201345960575,5.737101687677018,1.9348518030173691,3.676244877421631
2022-06-02,5.5,6.16044792560606,4.388090859239875,5.739567136652558,4.641669312011757,2.779782486946008,7.374772925468243,5.218525519386808
2022-06-03,7.700000286102295,8.963656084535886,5.864092157171465,6.974712158984018,7.756862263824593,6.920450021906875,8.501663641566378,9.014888234468922
2022-06-04,9.199999809265137,8.142507183256175,10.310561750123137,8.026283526267541,9.535823170432412,8.153845771039077,10.13337379407056,13.27989369113137
2022-06-05,10.300000190734863,9.744159043820169,10.682033178920086,11.614512886494403,9.097702222344186,11.007400011795239,7.2783856205507025,11.087104461320427
2022-06-06,6.400000095367432,6.2679472708243775,6.224006027470149,5.848709830264797,7.350969167219482,5.546543179463727,6.675003046359235,4.742532611784256
2022-06-07,7.099999904632568,8.611939595358423,6.5423442303034065,9.281426750213292,6.462947240060229,9.707649898981554,9.37949335525839,7.073600650548816
2022-06-08,4.599999904632568,5.07931756771445,4.7347403272958015,4.21468769918431,4.907607315028459,3.9524447779833416,7.396219641709322,5.467191367122137
2022-06-09,6.300000190734863,5.804905735497274,8.596845028846646,5.760179918352369,7.938901945012003,4.691497286770831,4.6779043855015034,7.0958502659459555
2022-06-10,8.100000381469727,7.29193226500259,8.026723569804615,8.558707788558621,6.357073385558287,7.5302538801651115,8.210169899967486,5.634936685434935
2022-06-11,8.90000057220459,6.313744440893166,8.526203511795606,9.740186213677363,10.096302618344309,10.387036445515204,6.499653545934576,6.705853111404679
2022-06-12,7.099999904632568,5.562758113291474,5.734975635472097,5.78212604470383,9.51213934155662,6.123310237840505,6.742761744106863,7.2008918424855795
2022-06-13,9.600000381469727,9.914057496431566,9.553302021615035,11.618778301299646,12.662489252621043,9.000793177759789,10.83033927099514,11.211668713305706
2022-06-14,3.6000001430511475,2.9393077987100718,2.952842317132532,2.526052875223617,3.6031082224961075,4.221964330117358,3.2346808066198154,6.197945384211062
2022-06-15,7.5,7.7127922805261,7.741269310114836,8.524516545588222,6.489337899301566,7.469694856429537,10.92657534727956,6.559730373982342
2022-06-16,9.300000190734863,10.384850175334163,8.388205518554432,10.431927082231512,7.198694115068982,6.915635352858805,8.099702305557972,11.880960061933976
2022-06-17,9.800000190734863,11.327029888642135,9.592402732531315,9.333983170623611,11.279019406286523,10.72506674596661,8.627887786546577,8.008386062174763
2022-06-18,2.5,2.8185648752046486,2.6029097982804204,3.365668087604361,5.006211182782833,2.4895370929555556,1.7549613345321866,3.44854573617336
2022-06-19,5.900000095367432,4.454761093521589,7.58673618684949,5.117116433210297,8.239600308874243,5.694833305717739,10.07269648794642,6.400168593820495
2022-06-20,8.40000057220459,6.10767603160008,8.139443334762266,9.059321158791093,9.64197472329364,8.201622125477547,7.212560024942938,7.632507797045473
2022-06-21,7.0,6.016211388898119,5.587789286232751,5.58275092096511,9.055944506632343,7.160752310515967,3.9745564477645483,8.4903621722512
2022-06-22,7.400000095367432,5.432079725382422,8.210547144310388,6.1633248761533945,6.078721828075852,8.435934022317472,8.019033784860293,9.470737733032982
2022-06-23,9.199999809265137,8.621238688035346,10.347876619451641,9.803020834408711,11.356418892424166,9.662446703678127,10.319446234308813,10.743701238247837
2022-06-24,10.40000057220459,9.98912283585038,11.094269774164731,8.87864666630312,9.010620839589466,10.295711296084999,8.82480834835453,11.079187779196982
2022-06-25,7.599999904632568,9.835356558435763,4.8953899335279765,5.847473691335903,6.075641352399632,6.763972771841618,6.263815748180653,7.626831300309426
2022-06-26,5.0,6.104968779065901,5.491998692514643,4.895014894207129,5.340864436749823,4.903390781819733,4.329462507691298,1.0948543648028997
2022-06-27,2.5,3.1655012150208233,2.4305876099457087,3.434899622121957,3.214415588083996,3.5017333490383264,1.0615699553046176,0.24825970968032385
2022-06-28,-1.0,-0.764548456719939,0.4752193185812372,-0.8400503469915377,-2.7392892198352863,-2.075921289893021,0.030290674241663984,-1.1578514265672692
2022-06-29,2.700000047683716,2.594312336364862,2.0224727954525408,6.278988463082504,4.997500865797445,2.612473384998538,1.022784945048096,1.0578746702685813
2022-06-30,4.200000286102295,4.328924280753416,2.6641866201073023,5.010147544409382,5.517732430659701,4.893163848042686,4.390987514695497,6.687181293581029
2022-07-01,3.9000000953674316,3.9507248484406072,3.9364624501215624,4.0172910729063975,0.9477205648512235,5.053117717672247,1.003478166760586,5.168647561057117
2022-07-02,3.799999952316284,3.603867096953495,2.8383544929849087,5.74213292354961,4.7042261267973355,3.1669179361324042,6.927307125458286,2.3452181379419104
2022-07-03,2.700000047683716,2.1837631379540947,1.5987416071623441,2.4272224770793747,7.942811411520794,1.534982528727782,4.29854779740511,0.783788268190001
2022-07-04,2.1000001430511475,2.5742877506075184,1.1030351658634978,2.254445077001948,4.472093087922808,-1.9205817532276717,2.91710040332104,1.2787273689767118
2022-07-05,3.5,1.4706196173199255,4.37467497964262,4.763137796313121,0.6664112873458508,3.4429739833433275,3.0445954139547267,5.469983825412972
2022-07-06,-0.9000000357627869,-1.7672540930514913,-2.220880591684738,-0.7827776523318463,-3.1450932979655426,1.7824142226016648,-1.0539780405808523,-0.7154390667332078
2022-07-07,1.100000023841858,0.2010614726113833,1.856989659660214,0.9056752346883218,-1.1141191085750486,0.4635321441340502,-1.4092449338692443,-0.5352267554740184
2022-07-08,5.800000190734863,6.80192185550827,7.425879646204362,7.703219727021794,7.451992458083285,7.2277751744001435,4.219251463540545,3.1738905392102614
2022-07-09,4.099999904632568,4.779295139162611,4.954460377592968,4.658721520582692,0.6284499271411086,5.364164971927535,3.8251372088371114,5.214089969028966
2022-07-10,-0.6000000238418579,-1.68034746236977,-0.1626489854140244,-1.1171389377122933,-1.5411155006120323,0.013446001074377323,-1.1373778303702329,0.1994440410968329
2022-07-11,2.1000001430511475,0.8931402716078192,4.465058284415132,1.8581492619661881,2.126257836209226,4.158769525916417,2.9563666630441583,-3.440275388568712
2022-07-12,6.700000286102295,8.164998792065253,6.930713947732427,9.771790429827151,8.047589550064142,7.113847575837021,8.493393416971504,8.240419065005781
2022-07-13,3.5,4.407613311767291,3.7321962596396596,5.353001447358194,0.2806826822507502,1.4798716545543895,6.232848987820131,0.5671222893050616
2022-07-14,2.4000000953674316,3.627253409382601,1.3743523195522576,2.7659645955086165,1.8398461821934666,-0.07328188347788744,2.9815620612858544,0.16784997063403395
2022-07-15,1.399999976158142,2.9649138706959977,-0.05418842039784533,0.4231655777361163,-0.7562489946408268,3.0996385115042546,-0.8614364870078246,1.795662292828165
2022-07-16,6.200000286102295,6.587481176146131,6.01356660633677,6.841091760865957,4.826022676600205,6.367260674784272,5.776392566977807,9.180322558323931
2022-07-17,8.5,9.437316042832466,8.265339155662778,9.822384000998083,8.410444794297339,6.62706945113065,8.817571681463294,9.109783432431062
2022-07-18,2.6000001430511475,2.985202271892904,4.679979334705969,3.2548872011229717,2.9049605459393306,4.590200388388052,4.432067543160169,1.9708703945228114
2022-07-19,3.5,2.184681707648698,2.175596053988188,5.451634616678291,2.8304599961895773,3.3482652259671446,4.725560732998976,4.81972154472973
2022-07-20,6.099999904632568,6.101362045634765,7.3228561617177075,6.883199858647902,6.080128882452127,7.51486973101318,6.475313058300473,4.419732296823305
2022-07-21,5.599999904632568,3.4713301775888836,4.8123912789856576,4.744647576126957,4.744318162451169,6.113201520007252,4.1058222478741415,2.4444791414655196
2022-07-22,2.9000000953674316,1.0431322772256597,2.6374868885744442,1.6951913737041377,1.0608138193942696,2.7208160197237614,0.34086961522795267,1.4984311995215511
2022-07-23,7.400000095367432,8.06138354697495,6.270496292273176,8.70384953933782,7.436813554886094,9.046567119099885,7.658905377731608,9.636025540165312
2022-07-24,6.900000095367432,6.541357452738434,6.208882174861747,4.679427890847098,5.830230901692498,9.240037648724813,5.222094117869635,8.059684844665025
2022-07-25,11.0,11.274521168079682,10.239245639881789,13.123701283517683,11.026472680503042,10.319945230903606,15.095651803416164,11.277535142970342
2022-07-26,4.700000286102295,5.459220696035498,4.539155199545683,5.60360035549753,4.645201908583483,3.708935394393696,4.93881261432556,7.9900705993978605
2022-07-27,4.200000286102295,4.0362156073203765,2.5487303679754794,4.419961626727078,3.9319769917945204,3.6585551945299697,4.176526866936806,2.869352057593174
2022-07-28,0.30000001192092896,0.5247793245358422,-0.517135813565295,2.488511158359286,-0.19178600198215673,-0.07221645993643067,0.5768488405721957,2.0606336605666207
2022-07-29,1.8000000715255737,3.670155705135503,1.2829742185708781,4.952694423121944,2.0273461530135077,0.9272353170476475,0.5881659402244321,5.285845695351309
2022-07-30,1.600000023841858,1.7997465316892107,3.0479449897463677,1.853153509677245,-0.028191540440912544,1.198901963884773,2.108290482262879,4.389976680636124
2022-07-31,7.800000190734863,7.919355393088614,7.283473495180844,8.193548513808322,7.459077500241859,10.893486630293705,11.488272046696903,11.018704773239847
2022-08-01,4.0,3.0373535409792716,3.931238133803882,5.750849757561488,4.365058213167651,5.247931897226793,5.9122189595422245,4.389072399195944
2022-08-02,0.6000000238418579,0.2568784101989562,0.6978001750500304,0.6213526108255873,1.347340638481235,2.392382603849561,5.075786373799025,2.7718664122088206
2022-08-03,7.5,6.763207642413826,10.194834112897272,10.410211274848113,10.947291702989734,9.23670084613413,9.446172310913443,8.820600470335819
2022-08-04,9.699999809265137,9.707807774302937,11.42110758236233,7.435707479964675,8.060310031237899,9.323655163544844,10.200154113331031,9.119491928701423
2022-08-05,9.300000190734863,9.12236235952799,9.99279466067575,10.199394608785632,9.357395503683376,14.071580971288439,7.014776624232032,11.874450808582782
2022-08-06,7.5,6.145512496133137,7.670285988958555,8.197690098536404,6.062349026482019,7.019248100242298,6.750644349230834,7.256685384881854
2022-08-07,5.5,5.499929507738868,3.7489763301148065,5.841542952078477,7.815430160006111,6.638469662572844,5.2089106279919815,3.967349983532495
2022-08-08,2.299999952316284,1.8462968582487727,3.9025460893514774,1.2412256867676241,1.7653362283844813,1.2923250118853078,6.722262270201484,2.429379496070034
2022-08-09,0.9000000357627869,1.4281014342710874,1.3397289045820413,-0.3173375379569787,4.246112234290028,1.0819456028851555,-1.3341605389190105,-1.1431767499428545
2022-08-10,7.0,5.695294676544235,4.5105250414305225,8.67879545963626,7.144639892082285,4.520244371728773,6.921124622412592,8.173511868524141
2022-08-11,10.699999809265137,10.617655441383441,11.67961001174683,10.912905192695042,10.142584367636822,10.819894728097353,11.823739764618745,11.656823315678075
2022-08-12,9.600000381469727,8.900230677693319,10.455201972317692,11.273049263880152,11.163642637016144,6.83109918033302,10.0139786362646,8.56868014639077
2022-08-13,7.0,6.484209407959496,7.350573926579798,6.952916552287051,8.156654047566287,5.919991627044494,5.7831387118028825,8.908723561615039
2022-08-14,7.400000095367432,6.063704254595984,7.843231132944895,9.670495830681304,8.33614648933745,6.028805119080093,7.803708467831647,6.399053432133018
2022-08-15,7.700000286102295,8.012684595550553,7.23805851350726,8.246764985875602,7.065451212100002,5.841292696457511,8.459340501133603,13.255611248479006
2022-08-16,5.099999904632568,4.679923312177412,4.537182094165098,5.292700387953514,6.154400469354208,3.7664580207206146,5.064955805594798,3.9486505669671983
2022-08-17,6.5,7.116707674448672,5.738147430152641,8.411122190554742,7.148786435102106,5.779947532677646,5.242426089725061,2.3017776410764963
2022-08-18,11.199999809265137,10.218375686346585,9.663481061342605,11.42354118172629,8.8676815077288,14.70934821338365,8.792366011271792,11.61048749116493
2022-08-19,5.5,5.484037180372374,6.693406614305015,6.3313061759370015,7.210676165361598,7.171836783524993,4.983732708651345,2.797879524680818
2022-08-20,8.100000381469727,6.643642674611362,7.442160259553909,8.255438746693372,9.180786742356485,7.757220471802894,5.982178211696178,8.074532964990556
2022-08-21,2.4000000953674316,3.8772249577611517,2.4737283512211787,3.4515904775057766,2.027058898033374,4.826127987612592,1.6148115887506032,0.14058423061982417
2022-08-22,6.599999904632568,5.562507185063423,8.374684433135064,2.723235140182098,3.4249145025932393,4.432477982591974,11.70511778231463,5.62810768782279
2022-08-23,5.200000286102295,6.244827571273685,5.934441267352956,4.972571057183395,4.9535275493794435,6.24203108753814,2.949786609728082,4.463785669156244
2022-08-24,4.0,4.213587742802088,4.546295704658576,4.86217404297812,2.9203208746378477,5.456014268582457,4.790306483842806,3.959333231760733
2022-08-25,6.5,8.218700650839057,5.569613649200726,5.332429649148778,6.7772964288904936,4.5843104831780686,5.4557138879560885,5.412261815347213
2022-08-26,3.6000001430511475,3.7989032987020512,3.614629551921862,2.295370198157344,2.5445257111403787,4.207821627638862,1.5158683339055483,6.846753090163553
2022-08-27,8.5,8.497728589075102,6.772786700785689,7.698975824078711,11.089978533945422,7.4455911091561084,8.959903866580916,11.199822361107309
2022-08-28,5.200000286102295,3.7854021571433494,5.2469199099973,5.515018803535172,7.668029992700352,6.756535590182686,2.5406651637188102,8.748295502567553
2022-08-29,10.600000381469727,9.668357830332306,8.461366327947179,8.317992384081348,8.284754633164471,10.891636275644856,10.342545235504083,8.903916455412288
2022-08-30,7.900000095367432,6.838943335925137,10.243932066939996,9.662759405897274,4.982034645315194,6.344133341912908,5.7645555858109905,7.544202624969714
2022-08-31,3.799999952316284,3.7107678127212447,3.1062046600536175,1.7841024655567894,5.180625391629875,4.759969783338746,1.404234829984833,1.6994229386591648
2022-09-01,2.1000001430511475,1.5632221471410181,1.8471707160053032,-0.05944185837292704,0.17204206900782637,2.420984380689217,0.29269631486852044,3.212586917539496
2022-09-02,6.599999904632568,7.063460377692191,6.999457870524141,6.752377775524927,5.884124125487689,7.197012545612981,5.049173163544674,9.69054365727553
2022-09-03,2.700000047683716,3.6051884101512055,2.433723536271207,-0.24805589054155686,2.422578075999676,0.9148719355154764,4.290131131877368,-0.32868775420363416
2022-09-04,4.400000095367432,3.9734242290280926,3.2556671525337935,4.452536331743347,5.874227131697306,3.762519872932487,1.3975916943117976,6.130009410316533
2022-09-05,3.9000000953674316,4.143355771671314,4.082527019729837,3.4844045754499997,3.328451759267542,3.225436821972072,0.6481861464607772,5.108387652706558
2022-09-06,4.099999904632568,2.606357919050721,5.187032680665279,4.327340641847656,5.5859556239054875,5.65488250417873,6.323993198846027,5.517047264879515
2022-09-07,8.40000057220459,9.494406508186389,7.8834648385577495,9.89512265753339,9.331381509602098,5.5557163664508975,7.001410052660188,8.100342316763673
2022-09-08,12.199999809265137,13.270180151812593,13.7489421778166,11.82432390681126,13.282731464255537,11.217907959030828,12.901103448723914,16.588102368639237
2022-09-09,11.800000190734863,11.098774175491318,10.935479231986514,13.092234665411807,8.43274349226244,11.099290075340862,10.635922500857065,14.21075242068957
2022-09-10,10.300000190734863,10.030506458769128,9.496035746965761,10.276029360062731,11.882810354333252,11.628811268125613,10.674890669303501,10.319108343636984
2022-09-11,4.400000095367432,4.421668261718807,3.2664810901869856,5.616946752352183,4.556594569901396,1.8835104619404919,5.775917289498505,3.4993956855670647
2022-09-12,5.200000286102295,2.88206624707668,5.866027649325926,8.008990464970102,2.8512408926769326,1.6386246541223302,2.986039291272208,5.895766190567402
2022-09-13,4.900000095367432,5.348594915323827,5.572269422307489,5.209865321647063,5.047932242219304,4.987027871141074,6.805098325082881,2.263112686416996
2022-09-14,9.5,8.49967319298074,11.551484890136706,9.49206247569812,11.218594086611557,9.175971423171022,12.419116899517146,9.588288940508027
2022-09-15,7.300000190734863,6.2974340865042855,8.525347802431604,9.477612822844595,6.558883313577934,7.960196174271872,4.753117637503526,7.253403296292815
2022-09-16,10.100000381469727,10.033371084945971,9.025594065707715,8.637116098635225,11.125771051277761,10.01121915600505,8.89546604430765,13.001778079914747
2022-09-17,7.800000190734863,9.808805562044995,7.016742071260485,8.891337026204361,9.020536228049302,6.978199788281469,4.843409011275811,9.75283684322
2022-09-18,10.199999809265137,10.779498642837176,9.515762808553191,8.03054672624862,8.228061626345095,6.457398047269729,9.202283453410274,11.634552187498228
2022-09-19,3.799999952316284,4.501719997960912,5.027734647478717,4.205454059617349,5.343148355227507,2.599195599122985,4.100559903480213,5.07671091554349
2022-09-20,8.0,8.329026729316206,7.844035485663483,8.816788678239881,8.352205523270001,6.469332631450049,8.603060123492462,6.850195115566967
2022-09-21,12.100000381469727,11.382529159478008,11.389284777125388,12.487386596723594,11.967474495265128,13.03756828028596,7.922097995065452,12.463384223695481
2022-09-22,12.800000190734863,15.009635697657613,13.314648943037323,14.83026386372199,10.699678816000723,12.654618392933507,11.392776361371515,14.58003918283806
2022-09-23,9.199999809265137,7.972915560632357,8.185970230611773,10.039246776178498,8.199246659949265,8.132838256994573,8.315568382989033,4.3193097621126615
2022-09-24,9.199999809265137,7.926679986586409,6.266003707392569,10.119167781777424,11.703781316558281,8.835035360594645,5.771473085371366,10.55159011568766
2022-09-25,6.300000190734863,5.4681963175542965,6.4932927888159595,4.888303344687015,8.443003262492352,10.339122494418387,7.719822639808132,7.484040396639067
2022-09-26,12.40000057220459,11.116161071596713,9.265483838588139,11.673814489099357,12.097258470546858,8.654549006158666,13.832814590232285,12.623794164365334
2022-09-27,7.800000190734863,7.262084810418454,5.288114814008387,8.151068794013296,8.400884724307808,5.094794072297709,6.145633378851076,8.82361229589822
2022-09-28,9.199999809265137,7.911759119784225,9.247131327153323,12.3160230658713,8.066434341558729,9.724724598237424,7.926350284569631,12.5200231067396
2022-09-29,7.900000095367432,7.023907656871601,8.894517702336996,7.045312349014259,8.157733000754398,7.509919697933769,5.918149114751545,7.932956998451871
2022-09-30,7.300000190734863,6.391849739601035,6.036827105131172,7.895930675087689,8.87114271853637,6.136660662893946,5.635613433290345,5.651552454904903
2022-10-01,10.300000190734863,10.958828151824154,11.275235157648858,12.337561117188034,8.274735819133532,9.406464885190298,14.71516748021346,16.45939066062308
2022-10-02,6.800000190734863,6.8425180983222225,5.544123195285936,6.480092424417856,7.64207737030188,8.668072526422328,4.438814453637493,3.0393609308987517
2022-10-03,11.5,12.04526083691801,11.659971021248051,10.301866865599864,13.771567225352227,11.86492691064959,12.559239864991442,12.265090259955501
2022-10-04,14.300000190734863,14.694596424957899,16.976425705557297,13.544339461177158,15.209307108073933,16.30676617958115,14.096703167529887,14.93146227161823
2022-10-05,14.300000190734863,15.16876992971146,15.060069492520539,16.960540433966557,16.394797615533715,15.808191053112843,18.9785188593214,12.236615801242198
2022-10-06,14.600000381469727,16.309596395107736,15.515878440840163,14.509992982541768,15.034669206684306,11.133678833598061,16.614663101727412,13.790592860676853
2022-10-07,14.800000190734863,12.881320472060342,15.06782886836854,16.264628917309132,17.69875459236119,13.47935037167582,12.179009448898956,13.766690177181237
2022-10-08,8.90000057220459,9.074236561964007,7.458124027029771,9.719325915250748,6.690379505837148,7.370200665770227,8.6595117768412,14.048192157444955
2022-10-09,5.400000095367432,6.2669868479046436,6.4140818378722875,5.3027338556506365,3.4385110021774237,4.667147754038409,5.453568255428653,3.79402686687945
2022-10-10,4.599999904632568,6.235210608143013,4.631764848539368,4.814788099855887,4.4324374891788345,6.435203162425811,5.168929022071568,1.6432408430835732
2022-10-11,12.300000190734863,13.82646317423223,11.863205037884656,13.775875338785248,14.770112705610266,11.996246329111303,12.032623327765908,9.678718394093016
2022-10-12,14.699999809265137,15.042875338261085,16.159605035984583,17.517544871456316,12.189736138166039,17.039548934112183,15.309626360334464,20.146803752895217
2022-10-13,12.0,11.737485594743921,10.866916747029608,11.279979404956425,14.263346907386065,13.174291246016493,13.34727698785878,15.197501638276433
2022-10-14,9.5,11.973948978031853,10.274805829081904,7.926414055551174,8.879754568540255,11.251712244579135,10.76950798458903,8.62408326446424
2022-10-15,8.300000190734863,8.428004668507775,9.505851162209103,8.8733414548556,6.882066208572905,9.028354114757478,9.561529419049265,5.243907936438875
2022-10-16,10.800000190734863,10.692540047471052,10.335796994464655,11.417910563690985,8.976750113440234,9.52206482937071,10.093592786981436,12.00709509069792
2022-10-17,9.800000190734863,8.730913744711904,8.515066464830388,8.792986008623938,10.565083530185314,11.207143243789597,9.64295436267342,10.507263034870874
2022-10-18,13.100000381469727,12.48970055127848,11.617186970760894,13.112658925758641,12.2855749401551,12.008416193196203,11.239698444108004,12.274702246103038
2022-10-19,11.600000381469727,9.729136009047773,14.230923808225128,11.598580925982848,11.125854399247798,12.807778654814435,13.306584086276473,10.584857660668947
2022-10-20,13.300000190734863,12.282684388901142,13.768238587145014,14.19671389627087,14.264157610415257,13.746806460314309,11.426025138704764,14.093276924907164
2022-10-21,15.699999809265137,16.417029686840703,15.046587193344447,16.59622717853726,17.04360660971944,16.20870027556561,20.264970239984294,17.272220000611462
2022-10-22,15.5,15.114391917097791,14.413900152939236,14.44176392765463,16.196503800240748,16.814100751626857,19.12649064749209,14.843109799210625
2022-10-23,14.800000190734863,11.956513806458322,14.852800000609095,14.293777894570386,13.156147461399275,11.142608525316144,11.898670133217166,15.844104016760472
2022-10-24,15.600000381469727,14.096631816285425,16.868164439481404,17.88617357826825,15.826335297651365,15.10443688100139,12.945834744562946,15.724368221174968
2022-10-25,14.40000057220459,12.828193731065802,13.716593285041554,15.345988977648938,12.037292916588656,14.517232984251514,13.729581631786544,14.904022288141846
2022-10-26,14.300000190734863,13.178026076691188,16.55756695054381,14.476318158823357,12.795896090587535,12.864001449234365,17.208733486662577,17.390545804925903
2022-10-27,11.600000381469727,12.350055754505961,11.17874679805438,10.900813229917834,10.190662798941439,13.8646567699499,13.378414079741331,11.11101066305004
2022-10-28,10.0,12.99680462182276,9.849319112973703,13.083194365798633,9.480146719195211,10.007782192227687,11.293136074947016,6.665525658733465
2022-10-29,8.199999809265137,8.048960361283463,5.6751636029584525,7.536960434634312,10.225473218822891,6.841350893848859,10.705891542685842,11.186775275521535
2022-10-30,11.5,10.95832079061369,12.754463146279507,9.807726562794096,11.020576924552808,9.348921456941984,10.312414271300835,11.347750655492526
2022-10-31,13.699999809265137,13.43577201845971,12.100875801922522,12.423938091996845,11.90386564116642,13.087865322865444,12.641456978568964,12.866869586245796
2022-11-01,8.699999809265137,9.690307475152936,9.039864016356894,8.255275419105484,8.346515669819055,7.435761523378242,10.852495013338832,8.311935441129426
2022-11-02,6.800000190734863,8.574427352439555,5.848903893410035,5.973856618680658,8.676865139434504,8.761827905384447,8.8366270342865,7.277163485103834
2022-11-03,10.100000381469727,10.136022354307434,10.70239785523112,9.368343588012134,10.380629467768209,8.667181085456724,7.278206812779236,12.364663173583399
2022-11-04,9.5,8.936433470577448,8.053084758178821,7.561086725369016,8.938123603558397,9.888943685418905,10.006971008482882,7.864393551476509
2022-11-05,10.0,9.294041578225807,9.845849617712076,11.689238857516564,11.437701795004857,7.110336583242519,11.706664588062884,12.384921814585873
2022-11-06,12.100000381469727,12.736141415873877,11.905156548240953,10.468823318098842,10.552834531860086,11.56844007471079,11.786224667175352,8.901511544590432
2022-11-07,13.90000057220459,12.179410557492558,15.230062997049679,13.609891640790662,14.346517126673788,13.384942439883181,14.3805369273729,15.731892409428774
2022-11-08,15.300000190734863,14.784213822400826,16.595509718406166,15.993744521825224,14.932612406902667,16.427120649504264,15.041975707930005,16.502068162648396
2022-11-09,17.700000762939453,17.972147752828338,17.240830563509324,16.468573688761985,18.470310501074703,17.2956826948563,16.425742846404972,19.6103619323559
2022-11-10,19.700000762939453,18.744972611617793,20.135931340467046,18.392204135023608,21.822582048777278,19.32877338518869,19.710482756624025,18.85030812911285
2022-11-11,15.90000057220459,15.937874951063737,13.499337922611181,17.642460300595737,14.305489887428877,16.135510194295424,17.12628293524014,17.13816992944763
2022-11-12,16.5,15.964427768754382,16.259135761972665,18.207083188221485,14.733930700624814,15.957257676290723,19.02293937799448,17.26340453822924
2022-11-13,16.0,16.63954903398066,19.174580287536312,15.907577341065997,16.68166979805138,13.794248147619617,16.817415061959018,19.80589931950497
2022-11-14,12.600000381469727,13.161586703809192,12.33688388310208,16.294025740283065,10.365144318534844,13.572445537680725,16.30423670511462,11.351808884227886
2022-11-15,11.0,10.594910295460776,11.175210444162554,11.95529126238556,9.442889116821625,10.135403553309327,11.54316402871737,12.100200944500624
2022-11-16,8.40000057220459,9.456933739219933,10.099780439987164,7.450348964770636,8.44254772675428,7.813023749924507,11.668793747964113,9.544799772790451
2022-11-17,6.700000286102295,6.67691482917157,7.459627322192745,9.29962405507652,8.180065981182045,8.968477247372464,6.7179816664031735,2.1831135725908375
2022-11-18,12.199999809265137,12.218573623461747,10.3309351991767,12.4687997744328,11.05295270241366,12.280963106208436,14.145679036580285,14.247164997351554
2022-11-19,15.90000057220459,14.103949723322,18.88033087926027,15.73792982188138,14.294625528774976,16.96995869696514,16.470738023043417,15.251370862220316
2022-11-20,11.0,11.435832482051808,11.309881039077027,9.436332774235538,10.20985641308603,14.033943790847756,11.38110703722331,12.972143918629104
2022-11-21,10.199999809265137,9.442212187597725,9.984047461766517,11.170553394424596,10.378899591226237,11.348015367511428,11.953992901059776,7.884647830136746
2022-11-22,9.199999809265137,7.90587644327096,8.639935251627552,10.824926686040893,10.176893485004769,10.081900359162601,9.533292035879404,10.653106156123254
2022-11-23,12.800000190734863,15.991668392712986,14.049909185630181,11.367317799280112,13.2193139731144,14.108263332616264,13.953202147775865,11.016838470836358
2022-11-24,10.90000057220459,11.117446874743175,9.708677425035521,11.959056351770844,11.05800767626223,13.99910433720581,9.390190014706253,11.049520885173854
2022-11-25,10.100000381469727,8.816129836482876,10.371607487669731,9.985718493264264,13.039638538574469,8.935023291301013,10.212516284273917,9.388891711241559
2022-11-26,16.600000381469727,14.030741404641422,17.727662541643596,17.014388954216844,16.632369586519292,17.108384972779326,17.289917891262725,18.290876448969144
2022-11-27,14.300000190734863,13.35548367092425,15.631301901703617,16.022503574150484,12.452587823696035,16.7004264576599,14.364982776923274,13.309259214323955
2022-11-28,12.0,10.760874443782676,12.86684397525741,13.113567288101796,9.463685955182068,13.748433888229403,12.50307161766624,13.64458098550205
2022-11-29,12.699999809265137,11.767886060195153,11.759435773433609,13.721815257057212,10.862534002590124,13.322778415923171,12.136911770009638,11.466951466675207
2022-11-30,12.199999809265137,13.71348682066358,12.043711095361003,12.49483450290589,12.875239756140891,13.799825992784449,10.049937871915645,12.08041187807364
2022-12-01,12.5,11.56664608715397,12.289879772587536,11.870771706197411,15.015640517176053,11.607508282213013,12.351835376873362,13.655868846728795
2022-12-02,13.800000190734863,12.94269514203762,11.179244163394722,13.158453367717875,15.771453782118828,11.106025072031949,17.460470376096225,14.113875886698285
2022-12-03,13.199999809265137,14.047748421277621,12.774440198496347,12.733180591694609,11.712916384620472,13.043030696176844,12.623588169989985,14.186290015369185
2022-12-04,15.90000057220459,16.11127426546164,16.040000246320954,16.73014796433632,17.5171431848181,13.707358715860739,15.650456808304225,12.570372404962917
2022-12-05,16.700000762939453,18.131113847362503,16.273633132867268,15.962037029143508,15.86828176242423,13.839218852603057,17.99984937993626,15.004122500365707
2022-12-06,10.300000190734863,10.652255679928968,10.022372772530673,9.867215396301596,10.949213431526722,11.670094556514039,10.275511821631712,10.2999652469789
2022-12-07,14.40000057220459,14.236650189005125,15.205587970957126,13.988797523916109,15.089365687661248,13.577679595708101,15.672881726464718,16.475789738855728
2022-12-08,9.699999809265137,8.527169116694882,11.213927504725808,8.724280758444545,8.305214290820977,11.985991811496568,7.846364138924218,8.887008857970427
2022-12-09,11.300000190734863,11.472236856802395,12.218068551925473,10.106724642661542,9.520494763023146,13.180557684056595,10.506417910500655,13.887384373233235
2022-12-10,10.90000057220459,10.939128927707838,11.598579234240392,10.892331514061706,7.870324400999072,13.07976035086992,7.428576929125997,11.441700439810408
2022-12-11,16.899999618530273,16.870664648935833,15.19208147845359,14.629241358606787,18.7320008297591,19.058805900055827,18.913655594833457,15.51531859433893
2022-12-12,13.100000381469727,13.566512769577992,12.50331615249387,13.941954484156016,10.759282653794822,14.145512259425635,12.198332127930273,14.025055194627999
2022-12-13,9.5,7.660738640835644,10.325657857437465,8.904958259638892,10.286410190989248,11.136531477289326,12.799681746474402,7.396631691641334
2022-12-14,6.800000190734863,5.1531333330439395,8.573127591515997,5.8400724693760635,3.1232462957776552,7.479168595106927,8.008446011332484,8.280861576920932
2022-12-15,9.0,7.758097130271564,8.991982041184793,10.418717726386621,5.755801575637834,10.550290919651307,10.050175952376627,9.85242749856226
2022-12-16,11.100000381469727,10.923802746196413,8.847760406255446,13.218947696120555,10.342871499497337,10.16591492439031,14.317266808978717,11.542452087976534
2022-12-17,13.600000381469727,11.614028952084798,14.584040180506044,12.273559306237809,11.767645310092668,14.650054114253761,13.29562549779133,16.006881732243592
2022-12-18,15.800000190734863,15.360877100856708,15.34264904341604,15.243970233808438,18.26014193838112,17.25712796231381,14.684630496976641,15.465085240094735
2022-12-19,18.700000762939453,18.345262843157368,18.733849279164232,18.592150822968506,18.173057169029768,20.81748442714986,19.13533334936064,18.14607833545082
